Orphaned_URL,Title,Description
https://dolarexpress.cl/./index/,Vender Cupo en Dólares a Pesos | Transferencia Inm,¿Necesitas liquidez? Compramos tu cupo en dólares 
https://dolarexpress.cl/./ripley-plata-al-tiro/,Efectivo con Ripley en 20 minutos: Proceso y Costo,Efectivo en 20 minutos con Ripley. Comisión 15%. C
https://dolarexpress.cl/./sacar-dinero-tarjeta-abc-din/,"Sacar Dinero Tarjeta Abc Din: Proceso, Costos y Ri","Sacar Dinero Tarjeta Abc Din: comisión 15%, proces"
https://dolarexpress.cl/./sacar-dinero-tarjeta-casa-comercial/,"Sacar Dinero Tarjeta Casa Comercial: Proceso, Cost","Sacar Dinero Tarjeta Casa Comercial: comisión 15%,"
https://dolarexpress.cl/./sacar-dinero-tarjeta-cmr-falabella/,"Sacar Dinero Tarjeta Cmr Falabella: Proceso, Costo","Sacar Dinero Tarjeta Cmr Falabella: comisión 15%, "
https://dolarexpress.cl/./sacar-dinero-tarjeta-hites/,"Sacar Dinero Tarjeta Hites: Proceso, Costos y Ries","Sacar Dinero Tarjeta Hites: comisión 15%, proceso "
https://dolarexpress.cl/./sacar-dinero-tarjeta-jumbo/,"Sacar Dinero Tarjeta Jumbo: Proceso, Costos y Ries","Sacar Dinero Tarjeta Jumbo: comisión 15%, proceso "
https://dolarexpress.cl/./sacar-dinero-tarjeta-la-polar/,"Sacar Dinero Tarjeta La Polar: Proceso, Costos y R","Sacar Dinero Tarjeta La Polar: comisión 15%, proce"
https://dolarexpress.cl/./sacar-dinero-tarjeta-lider/,"Sacar Dinero Tarjeta Lider: Proceso, Costos y Ries","Sacar Dinero Tarjeta Lider: comisión 15%, proceso "
https://dolarexpress.cl/./sacar-dinero-tarjeta-paris/,"Sacar Dinero Tarjeta Paris: Proceso, Costos y Ries","Sacar Dinero Tarjeta Paris: comisión 15%, proceso "
https://dolarexpress.cl/./sacar-dinero-tarjeta-ripley/,"Sacar Dinero Tarjeta Ripley: Proceso, Costos y Rie","Sacar Dinero Tarjeta Ripley: comisión 15%, proceso"
https://dolarexpress.cl/./sacar-plata-cmr/,"Sacar Plata Cmr: Proceso, Costos y Riesgos | Dolar","Sacar Plata Cmr: comisión 15%, proceso en 15 minut"
https://dolarexpress.cl/./sacar-plata-de-tarjeta-de-tienda/,"Sacar Plata De Tarjeta De Tienda: Proceso, Costos ","Sacar Plata De Tarjeta De Tienda: comisión 15%, pr"
https://dolarexpress.cl/./sacar-plata-ripley/,"Sacar Plata Ripley: Proceso, Costos y Riesgos | Do","Sacar Plata Ripley: comisión 15%, proceso en 20 mi"
https://dolarexpress.cl/./sacar-plata-tarjeta-abcdin/,"Sacar Plata Tarjeta Abcdin: Proceso, Costos y Ries","Sacar Plata Tarjeta Abcdin: comisión 15%, proceso "
https://dolarexpress.cl/./sacar-plata-tarjeta-cencosud/,"Sacar Plata Tarjeta Cencosud: Proceso, Costos y Ri","Sacar Plata Tarjeta Cencosud: comisión 15%, proces"
https://dolarexpress.cl/./venta-usd/,Procesar Venta | DolarExpress,Procesa tu venta de cupo en dólares de forma segur
https://dolarexpress.cl/avance-abc-visa/,"Avance Abc Visa: Proceso, Costos y Riesgos | Dolar","Avance Abc Visa: comisión 15%, proceso en 20 minut"
https://dolarexpress.cl/avance-cmr-sin-avance-habilitado/,CMR Sin Avance: Cómo Obtener Efectivo con Cupo de ,Obtén efectivo de tu CMR sin avance habilitado. Co
https://dolarexpress.cl/avance-cupo-dolares/,Avance con Cupo en Dólares Chile | DolarExpress,Usa tu cupo en dólares para obtener un avance en p
https://dolarexpress.cl/avance-efectivo-dolares/,Avance en Efectivo con Dólares Chile | DolarExpres,Convierte tus dólares o cupo en dólares en pesos c
https://dolarexpress.cl/avance-efectivo-sin-avance-habilitado/,tu tarjeta de tienda Sin Avance: Cómo Obtener Efec,Obtén efectivo de tu tu tarjeta de tienda sin avan
https://dolarexpress.cl/avance-efectivo-tarjeta-abc/,"Avance Efectivo Tarjeta Abc: Proceso, Costos y Rie","Avance Efectivo Tarjeta Abc: comisión 15%, proceso"
https://dolarexpress.cl/avance-efectivo-tarjeta-cmr/,"Avance Efectivo Tarjeta Cmr: Proceso, Costos y Rie","Avance Efectivo Tarjeta Cmr: comisión 15%, proceso"
https://dolarexpress.cl/avance-efectivo-tarjeta-hites/,"Avance Efectivo Tarjeta Hites: Proceso, Costos y R","Avance Efectivo Tarjeta Hites: comisión 15%, proce"
https://dolarexpress.cl/avance-efectivo-tarjeta-la-polar/,"Avance Efectivo Tarjeta La Polar: Proceso, Costos ","Avance Efectivo Tarjeta La Polar: comisión 15%, pr"
https://dolarexpress.cl/avance-efectivo-tarjeta-lider/,"Avance Efectivo Tarjeta Lider: Proceso, Costos y R","Avance Efectivo Tarjeta Lider: comisión 15%, proce"
https://dolarexpress.cl/avance-efectivo-tarjeta-paris/,"Avance Efectivo Tarjeta Paris: Proceso, Costos y R","Avance Efectivo Tarjeta Paris: comisión 15%, proce"
https://dolarexpress.cl/avance-efectivo-tarjeta-ripley/,"Avance Efectivo Tarjeta Ripley: Proceso, Costos y ","Avance Efectivo Tarjeta Ripley: comisión 15%, proc"
https://dolarexpress.cl/avance-efectivo-tarjetas-grandes-tiendas-chile/,Avance Efectivo Tarjetas Grandes Tiendas Chile: Pr,Avance Efectivo Tarjetas Grandes Tiendas Chile: co
https://dolarexpress.cl/avance-efectivo/,Avance en Efectivo con Cupo Dólar | DolarExpress,Obtén un avance en efectivo usando tu cupo en dóla
https://dolarexpress.cl/avance-la-polar-cuotas/,Efectivo La Polar en Cuotas: Tabla de Costos Reale,Cuotas La Polar: tabla completa de costos. Tasa 1.
https://dolarexpress.cl/avance-lider-bci-online/,Líder a Efectivo 100% Online: Proceso y Comisiones,Proceso online con Líder: WhatsApp + Transbank + t
https://dolarexpress.cl/avance-ripley-cuotas/,Efectivo Ripley en Cuotas: Tabla de Costos Reales ,Cuotas Ripley: tabla completa de costos. Tasa 1.55
https://dolarexpress.cl/avance-ripley-sin-tener-avance/,Avance Ripley Sin Tener Avance Habilitado: Proceso,Avance Ripley Sin Tener Avance Habilitado: comisió
https://dolarexpress.cl/avance-tarjeta-dolares/,Avance de Tarjeta en Dólares Chile | DolarExpress,Obtén un avance usando el cupo en dólares de tu ta
https://dolarexpress.cl/avance-tarjeta-easy/,"Avance Efectivo Tarjeta Easy: Proceso, Costos y Ri","Avance Efectivo Tarjeta Easy: comisión 15%, proces"
https://dolarexpress.cl/avance-tarjeta-johnson/,"Avance Efectivo Tarjeta Johnson: Proceso, Costos y","Avance Efectivo Tarjeta Johnson: comisión 15%, pro"
https://dolarexpress.cl/cambiar-cupo-dolar/,Cambiar Cupo Dólar a Pesos Chilenos | DolarExpress,Cambia el cupo en dólares de tu tarjeta a pesos ch
https://dolarexpress.cl/cambiar-cupo-dolares-chile/,Cambiar Cupo en Dólares en Chile | DolarExpress,Servicio de cambio de cupo en dólares a pesos chil
https://dolarexpress.cl/cambiar-dolares-tarjeta/,Cambiar Dólares de Tarjeta a Pesos Chilenos | Dola,Convierte los dólares disponibles en tu tarjeta de
https://dolarexpress.cl/cambio-cupo-dolar/,Cambio de Cupo Dólar en Chile | DolarExpress,Realiza el cambio de tu cupo en dólares a pesos ch
https://dolarexpress.cl/cambio-dolares-tarjeta-credito/,Cambio Dólares Tarjeta de Crédito Chile | DolarExp,Realiza el cambio de dólares desde tu tarjeta de c
https://dolarexpress.cl/cmr-efectivo-rapido/,Efectivo con CMR en 15 minutos: Proceso y Costos |,Efectivo en 15 minutos con CMR. Comisión 15%. Cron
https://dolarexpress.cl/como-obtener-liquidez-con-tarjeta-retail/,Efectivo desde Tarjeta de Tienda: Costos y Riesgos,Tarjeta de tienda a efectivo: costos reales (15% c
https://dolarexpress.cl/como-sacar-plata-si-no-tengo-avance/,tu tarjeta de tienda Sin Avance: Cómo Obtener Efec,Obtén efectivo de tu tu tarjeta de tienda sin avan
https://dolarexpress.cl/como-usar-el-cupo-de-mi-tarjeta-sin-avance/,tu tarjeta de tienda Sin Avance: Cómo Obtener Efec,Obtén efectivo de tu tu tarjeta de tienda sin avan
https://dolarexpress.cl/como-vender-cupo-dolar/,Cómo Vender Cupo en Dólares en Chile | DolarExpres,Guía completa para vender tu cupo en dólares en Ch
https://dolarexpress.cl/compra-cupo-dolares/,Compra de Cupo en Dólares — DolarExpress | DolarEx,DolarExpress compra tu cupo en dólares y te paga e
https://dolarexpress.cl/comprar-cupo-dolar/,Comprar Cupo Dólar en Chile | DolarExpress,Si necesitas dólares usando el cupo de tu tarjeta 
https://dolarexpress.cl/compro-cupo-dolar/,Compro Cupo Dólar — DolarExpress Chile | DolarExpr,¿Tienes cupo en dólares disponible? Te lo compramo
https://dolarexpress.cl/contacto/,Contacto | DolarExpress,Contáctanos por WhatsApp para cotizar la conversió
https://dolarexpress.cl/convertir-cupo-dolar-pesos/,Convertir Cupo Dólar a Pesos Chilenos | DolarExpre,Convierte tu cupo en dólares a pesos chilenos de f
https://dolarexpress.cl/convertir-cupo-en-efectivo-chile/,Cupo de Compras tu tarjeta de tienda a Efectivo: C,Convierte cupo de compras tu tarjeta de tienda en 
https://dolarexpress.cl/convertir-cupo-internacional-pesos/,Convertir Cupo Internacional a Pesos | DolarExpres,Convierte tu convertir cupo internacional a pesos 
https://dolarexpress.cl/cuanto-me-dan-de-avance-tarjeta-lider/,¿Cuánto Obtengo con Líder? Simulador y Tabla de Co,Simulador: cuánto recibes y cuánto pagas con Líder
https://dolarexpress.cl/cuanto-presta-la-cmr/,¿Cuánto Obtengo con CMR? Simulador y Tabla de Cost,Simulador: cuánto recibes y cuánto pagas con CMR. 
https://dolarexpress.cl/cuanto-presta-tarjeta-paris/,¿Cuánto Obtengo con Paris / Cencosud? Simulador y ,Simulador: cuánto recibes y cuánto pagas con Paris
https://dolarexpress.cl/cuanto-presta-tarjeta-ripley/,¿Cuánto Obtengo con Ripley? Simulador y Tabla de C,Simulador: cuánto recibes y cuánto pagas con Riple
https://dolarexpress.cl/cupo-compras-a-efectivo-cmr/,Cupo de Compras CMR a Efectivo: Costos Reales y Pr,Convierte cupo de compras CMR en efectivo. Comisió
https://dolarexpress.cl/cupo-compras-a-efectivo-lider/,Cupo de Compras Líder a Efectivo: Costos Reales y ,Convierte cupo de compras Líder en efectivo. Comis
https://dolarexpress.cl/cupo-compras-a-efectivo-ripley/,Cupo de Compras Ripley a Efectivo: Costos Reales y,Convierte cupo de compras Ripley en efectivo. Comi
https://dolarexpress.cl/cupo-compras-efectivo-abcdin/,Cupo de Compras ABCDin a Efectivo: Costos Reales y,Convierte cupo de compras ABCDin en efectivo. Comi
https://dolarexpress.cl/cupo-compras-efectivo-hites/,Cupo de Compras Hites a Efectivo: Costos Reales y ,Convierte cupo de compras Hites en efectivo. Comis
https://dolarexpress.cl/cupo-compras-efectivo-la-polar/,Cupo de Compras La Polar a Efectivo: Costos Reales,Convierte cupo de compras La Polar en efectivo. Co
https://dolarexpress.cl/cupo-compras-efectivo-paris/,Cupo de Compras Paris / Cencosud a Efectivo: Costo,Convierte cupo de compras Paris / Cencosud en efec
https://dolarexpress.cl/cupo-disponible-tarjeta-a-pesos/,Cupo de Compras tu tarjeta de tienda a Efectivo: C,Convierte cupo de compras tu tarjeta de tienda en 
https://dolarexpress.cl/cupo-dolar-1000-usd/,Vender Cupo Dólar 1000 USD en Chile | DolarExpress,Convierte USD 1.000 de cupo dólar a pesos chilenos
https://dolarexpress.cl/cupo-dolar-15-minutos/,Cupo Dólar en 15 Minutos Chile | DolarExpress,Conoce cuánto tarda realmente vender tu cupo dólar
https://dolarexpress.cl/cupo-dolar-200-usd/,Cupo Dólar 200 USD → Recibe ~$176.000 CLP | DolarE,¿Tienes USD 200 de cupo disponible? Recibe aproxim
https://dolarexpress.cl/cupo-dolar-2000-usd/,Cupo Dólar 2.000 USD → Recibe ~$1.760.000 CLP | Do,¿Tienes USD 2.000 de cupo disponible? Recibe aprox
https://dolarexpress.cl/cupo-dolar-3000-usd/,Cupo Dólar 3.000 USD → Recibe ~$2.640.000 CLP | Do,¿Tienes USD 3.000 de cupo disponible? Recibe aprox
https://dolarexpress.cl/cupo-dolar-500-usd/,Vender Cupo Dólar 500 USD en Chile | DolarExpress,Convierte USD 500 de cupo dólar a pesos chilenos. 
https://dolarexpress.cl/cupo-dolar-5000-usd/,Cupo Dólar 5.000 USD → Recibe ~$4.400.000 CLP | Do,¿Tienes USD 5.000 de cupo disponible? Recibe aprox
https://dolarexpress.cl/cupo-dolar-7000-usd/,Cupo Dólar 7.000 USD → Recibe ~$6.160.000 CLP | Do,¿Tienes USD 7.000 de cupo disponible? Recibe aprox
https://dolarexpress.cl/cupo-dolar-a-pesos/,Cupo Dólar a Pesos Chilenos | DolarExpress,Transforma tu cupo dólar en pesos chilenos por tra
https://dolarexpress.cl/cupo-dolar-altos-montos/,Cupo Dólar Altos Montos Chile | DolarExpress,¿Necesitas vender un alto monto en cupo dólar? Dol
https://dolarexpress.cl/cupo-dolar-american-express/,Cupo Dólar Tarjeta American Express Chile | DolarE,¿Tienes cupo en dólares en tu Amex? Lo convertimos
https://dolarexpress.cl/cupo-dolar-amex/,Cupo Dólar American Express → Pesos Chilenos | Dol,Convierte el cupo en dólares de tu American Expres
https://dolarexpress.cl/cupo-dolar-antofagasta/,Cupo Dólar en Antofagasta — DolarExpress | DolarEx,Servicio de cambio de cupo en dólares en Antofagas
https://dolarexpress.cl/cupo-dolar-arica/,Cupo Dólar en Arica — DolarExpress | DolarExpress,Servicio de cambio de cupo en dólares en Arica. At
https://dolarexpress.cl/cupo-dolar-banco-chile-amex/,Cupo Dólar Banco de Chile American Express | Dolar,Convierte el cupo de tu American Express de Banco 
https://dolarexpress.cl/cupo-dolar-banco-chile-antofagasta/,Cupo Dólar Banco de Chile Antofagasta | DolarExpre,Convierte tu cupo en dólares de Banco de Chile en 
https://dolarexpress.cl/cupo-dolar-banco-chile-concepcion/,Cupo Dólar Banco de Chile Concepción | DolarExpres,Convierte tu cupo en dólares de Banco de Chile en 
https://dolarexpress.cl/cupo-dolar-banco-chile-iquique/,Cupo Dólar Banco de Chile Iquique | DolarExpress,Convierte tu cupo en dólares de Banco de Chile en 
https://dolarexpress.cl/cupo-dolar-banco-chile-la-serena/,Cupo Dólar Banco de Chile La Serena | DolarExpress,Convierte tu cupo en dólares de Banco de Chile en 
https://dolarexpress.cl/cupo-dolar-banco-chile-mastercard-black/,Cupo Dólar Banco de Chile Mastercard Black | Dolar,Convierte el cupo de tu Mastercard Black de Banco 
https://dolarexpress.cl/cupo-dolar-banco-chile-mastercard-gold/,Cupo Dólar Banco de Chile Mastercard Gold | DolarE,Convierte el cupo de tu Mastercard Gold de Banco d
https://dolarexpress.cl/cupo-dolar-banco-chile-mastercard-platinum/,Cupo Dólar Banco de Chile Mastercard Platinum | Do,Convierte el cupo de tu Mastercard Platinum de Ban
https://dolarexpress.cl/cupo-dolar-banco-chile-puerto-montt/,Cupo Dólar Banco de Chile Puerto Montt | DolarExpr,Convierte tu cupo en dólares de Banco de Chile en 
https://dolarexpress.cl/cupo-dolar-banco-chile-rancagua/,Cupo Dólar Banco de Chile Rancagua | DolarExpress,Convierte tu cupo en dólares de Banco de Chile en 
https://dolarexpress.cl/cupo-dolar-banco-chile-santiago/,Cupo Dólar Banco de Chile Santiago | DolarExpress,Convierte tu cupo en dólares de Banco de Chile en 
https://dolarexpress.cl/cupo-dolar-banco-chile-temuco/,Cupo Dólar Banco de Chile Temuco | DolarExpress,Convierte tu cupo en dólares de Banco de Chile en 
https://dolarexpress.cl/cupo-dolar-banco-chile-valparaiso/,Cupo Dólar Banco de Chile Valparaíso | DolarExpres,Convierte tu cupo en dólares de Banco de Chile en 
https://dolarexpress.cl/cupo-dolar-banco-chile-vina-del-mar/,Cupo Dólar Banco de Chile Viña del Mar | DolarExpr,Convierte tu cupo en dólares de Banco de Chile en 
https://dolarexpress.cl/cupo-dolar-banco-chile-visa-gold/,Cupo Dólar Banco de Chile Visa Gold | DolarExpress,Convierte el cupo de tu Visa Gold de Banco de Chil
https://dolarexpress.cl/cupo-dolar-banco-chile-visa-platinum/,Cupo Dólar Banco de Chile Visa Platinum | DolarExp,Convierte el cupo de tu Visa Platinum de Banco de 
https://dolarexpress.cl/cupo-dolar-banco-chile-visa-signature/,Cupo Dólar Banco de Chile Visa Signature | DolarEx,Convierte el cupo de tu Visa Signature de Banco de
https://dolarexpress.cl/cupo-dolar-banco-chile/,Cupo Dólar Banco de Chile | DolarExpress,¿Tienes cupo en dólares en el Banco de Chile? Conv
https://dolarexpress.cl/cupo-dolar-banco-estado/,Cupo Dólar Banco Estado Chile | DolarExpress,Convierte tu cupo en dólares del Banco Estado a pe
https://dolarexpress.cl/cupo-dolar-bancoestado-amex/,Cupo Dólar BancoEstado American Express | DolarExp,Convierte el cupo de tu American Express de BancoE
https://dolarexpress.cl/cupo-dolar-bancoestado-antofagasta/,Cupo Dólar BancoEstado Antofagasta | DolarExpress,Convierte tu cupo en dólares de BancoEstado en Ant
https://dolarexpress.cl/cupo-dolar-bancoestado-concepcion/,Cupo Dólar BancoEstado Concepción | DolarExpress,Convierte tu cupo en dólares de BancoEstado en Con
https://dolarexpress.cl/cupo-dolar-bancoestado-iquique/,Cupo Dólar BancoEstado Iquique | DolarExpress,Convierte tu cupo en dólares de BancoEstado en Iqu
https://dolarexpress.cl/cupo-dolar-bancoestado-la-serena/,Cupo Dólar BancoEstado La Serena | DolarExpress,Convierte tu cupo en dólares de BancoEstado en La 
https://dolarexpress.cl/cupo-dolar-bancoestado-mastercard-black/,Cupo Dólar BancoEstado Mastercard Black | DolarExp,Convierte el cupo de tu Mastercard Black de BancoE
https://dolarexpress.cl/cupo-dolar-bancoestado-mastercard-gold/,Cupo Dólar BancoEstado Mastercard Gold | DolarExpr,Convierte el cupo de tu Mastercard Gold de BancoEs
https://dolarexpress.cl/cupo-dolar-bancoestado-mastercard-platinum/,Cupo Dólar BancoEstado Mastercard Platinum | Dolar,Convierte el cupo de tu Mastercard Platinum de Ban
https://dolarexpress.cl/cupo-dolar-bancoestado-puerto-montt/,Cupo Dólar BancoEstado Puerto Montt | DolarExpress,Convierte tu cupo en dólares de BancoEstado en Pue
https://dolarexpress.cl/cupo-dolar-bancoestado-rancagua/,Cupo Dólar BancoEstado Rancagua | DolarExpress,Convierte tu cupo en dólares de BancoEstado en Ran
https://dolarexpress.cl/cupo-dolar-bancoestado-santiago/,Cupo Dólar BancoEstado Santiago | DolarExpress,Convierte tu cupo en dólares de BancoEstado en San
https://dolarexpress.cl/cupo-dolar-bancoestado-temuco/,Cupo Dólar BancoEstado Temuco | DolarExpress,Convierte tu cupo en dólares de BancoEstado en Tem
https://dolarexpress.cl/cupo-dolar-bancoestado-valparaiso/,Cupo Dólar BancoEstado Valparaíso | DolarExpress,Convierte tu cupo en dólares de BancoEstado en Val
https://dolarexpress.cl/cupo-dolar-bancoestado-vina-del-mar/,Cupo Dólar BancoEstado Viña del Mar | DolarExpress,Convierte tu cupo en dólares de BancoEstado en Viñ
https://dolarexpress.cl/cupo-dolar-bancoestado-visa-gold/,Cupo Dólar BancoEstado Visa Gold | DolarExpress,Convierte el cupo de tu Visa Gold de BancoEstado a
https://dolarexpress.cl/cupo-dolar-bancoestado-visa-platinum/,Cupo Dólar BancoEstado Visa Platinum | DolarExpres,Convierte el cupo de tu Visa Platinum de BancoEsta
https://dolarexpress.cl/cupo-dolar-bancoestado-visa-signature/,Cupo Dólar BancoEstado Visa Signature | DolarExpre,Convierte el cupo de tu Visa Signature de BancoEst
https://dolarexpress.cl/cupo-dolar-bancoestado/,Cupo Dólar BancoEstado → Pesos en 15 min | DolarEx,Convierte tu cupo en dólares de BancoEstado a peso
https://dolarexpress.cl/cupo-dolar-bci-amex/,Cupo Dólar BCI American Express | DolarExpress,Convierte el cupo de tu American Express de BCI a 
https://dolarexpress.cl/cupo-dolar-bci-antofagasta/,Cupo Dólar BCI Antofagasta | DolarExpress,Convierte tu cupo en dólares de BCI en Antofagasta
https://dolarexpress.cl/cupo-dolar-bci-concepcion/,Cupo Dólar BCI Concepción | DolarExpress,Convierte tu cupo en dólares de BCI en Concepción 
https://dolarexpress.cl/cupo-dolar-bci-iquique/,Cupo Dólar BCI Iquique | DolarExpress,Convierte tu cupo en dólares de BCI en Iquique a p
https://dolarexpress.cl/cupo-dolar-bci-la-serena/,Cupo Dólar BCI La Serena | DolarExpress,Convierte tu cupo en dólares de BCI en La Serena a
https://dolarexpress.cl/cupo-dolar-bci-mastercard-black/,Cupo Dólar BCI Mastercard Black | DolarExpress,Convierte el cupo de tu Mastercard Black de BCI a 
https://dolarexpress.cl/cupo-dolar-bci-mastercard-gold/,Cupo Dólar BCI Mastercard Gold | DolarExpress,Convierte el cupo de tu Mastercard Gold de BCI a p
https://dolarexpress.cl/cupo-dolar-bci-mastercard-platinum/,Cupo Dólar BCI Mastercard Platinum | DolarExpress,Convierte el cupo de tu Mastercard Platinum de BCI
https://dolarexpress.cl/cupo-dolar-bci-puerto-montt/,Cupo Dólar BCI Puerto Montt | DolarExpress,Convierte tu cupo en dólares de BCI en Puerto Mont
https://dolarexpress.cl/cupo-dolar-bci-rancagua/,Cupo Dólar BCI Rancagua | DolarExpress,Convierte tu cupo en dólares de BCI en Rancagua a 
https://dolarexpress.cl/cupo-dolar-bci-santiago/,Cupo Dólar BCI Santiago | DolarExpress,Convierte tu cupo en dólares de BCI en Santiago a 
https://dolarexpress.cl/cupo-dolar-bci-temuco/,Cupo Dólar BCI Temuco | DolarExpress,Convierte tu cupo en dólares de BCI en Temuco a pe
https://dolarexpress.cl/cupo-dolar-bci-valparaiso/,Cupo Dólar BCI Valparaíso | DolarExpress,Convierte tu cupo en dólares de BCI en Valparaíso 
https://dolarexpress.cl/cupo-dolar-bci-vina-del-mar/,Cupo Dólar BCI Viña del Mar | DolarExpress,Convierte tu cupo en dólares de BCI en Viña del Ma
https://dolarexpress.cl/cupo-dolar-bci-visa-gold/,Cupo Dólar BCI Visa Gold | DolarExpress,Convierte el cupo de tu Visa Gold de BCI a pesos e
https://dolarexpress.cl/cupo-dolar-bci-visa-platinum/,Cupo Dólar BCI Visa Platinum | DolarExpress,Convierte el cupo de tu Visa Platinum de BCI a pes
https://dolarexpress.cl/cupo-dolar-bci-visa-signature/,Cupo Dólar BCI Visa Signature | DolarExpress,Convierte el cupo de tu Visa Signature de BCI a pe
https://dolarexpress.cl/cupo-dolar-bci/,Cupo Dólar BCI Chile | DolarExpress,¿Tienes cupo en dólares en BCI? Recibe pesos chile
https://dolarexpress.cl/cupo-dolar-bice/,Cupo Dólar BICE Chile | DolarExpress,¿Tienes cupo en dólares en BICE? Recibe pesos chil
https://dolarexpress.cl/cupo-dolar-calama/,Cupo Dólar en Calama — DolarExpress | DolarExpress,Servicio de cambio de cupo en dólares en Calama. A
https://dolarexpress.cl/cupo-dolar-chillan/,Cupo Dólar en Chillán — DolarExpress | DolarExpres,Servicio de cambio de cupo en dólares en Chillán. 
https://dolarexpress.cl/cupo-dolar-cmr/,Cupo Dólar CMR Falabella Chile | DolarExpress,Convierte el cupo en dólares de tu tarjeta CMR Fal
https://dolarexpress.cl/cupo-dolar-como-funciona/,Cómo Funciona el Cupo Dólar en Chile | DolarExpres,Entérate cómo funciona el cupo en dólares de las t
https://dolarexpress.cl/cupo-dolar-concepcion/,Cupo Dólar en Concepción — DolarExpress | DolarExp,Servicio de cambio de cupo en dólares en Concepció
https://dolarexpress.cl/cupo-dolar-confiable/,Servicio Confiable de Cupo Dólar Chile | DolarExpr,DolarExpress ofrece un servicio confiable y transp
https://dolarexpress.cl/cupo-dolar-conviene/,¿Conviene Vender el Cupo en Dólares? | DolarExpres,Analizamos cuándo conviene y cuándo no vender el c
https://dolarexpress.cl/cupo-dolar-copiapo/,Cupo Dólar en Copiapó — DolarExpress | DolarExpres,Servicio de cambio de cupo en dólares en Copiapó. 
https://dolarexpress.cl/cupo-dolar-disponible/,Tengo Cupo Dólar Disponible ¿Qué Hago? | DolarExpr,Opciones para aprovechar tu cupo en dólares dispon
https://dolarexpress.cl/cupo-dolar-empresas/,Cupo Dólar para Empresas Chile | DolarExpress,¿Tu empresa necesita liquidez en pesos usando cupo
https://dolarexpress.cl/cupo-dolar-falabella/,Cupo Dólar Banco Falabella Chile | DolarExpress,Convierte el cupo en dólares de tu tarjeta Falabel
https://dolarexpress.cl/cupo-dolar-fin-de-mes/,Usar Cupo Dólar a Fin de Mes Chile | DolarExpress,¿Necesitas liquidez a fin de mes? Convierte tu cup
https://dolarexpress.cl/cupo-dolar-hoy-chile/,Cupo Dólar Hoy en Chile | DolarExpress,Cotiza hoy mismo el valor de tu cupo en dólares y 
https://dolarexpress.cl/cupo-dolar-internacional/,Cupo Internacional Tarjeta de Crédito Chile | Dola,Aprovecha el cupo internacional de tu tarjeta de c
https://dolarexpress.cl/cupo-dolar-iquique/,Cupo Dólar en Iquique — DolarExpress | DolarExpres,Servicio de cambio de cupo en dólares en Iquique. 
https://dolarexpress.cl/cupo-dolar-itau/,Cupo Dólar Itaú Chile | DolarExpress,¿Tienes cupo en dólares en Itaú? Conviértelo a pes
https://dolarexpress.cl/cupo-dolar-la-serena/,Cupo Dólar en La Serena — DolarExpress | DolarExpr,Servicio de cambio de cupo en dólares en La Serena
https://dolarexpress.cl/cupo-dolar-las-condes/,Cupo Dólar en Las Condes — DolarExpress | DolarExp,Servicio de cambio de cupo en dólares en Las Conde
https://dolarexpress.cl/cupo-dolar-mastercard/,Cupo Dólar Mastercard Chile | DolarExpress,Usa el cupo en dólares de tu Mastercard para recib
https://dolarexpress.cl/cupo-dolar-monto-minimo/,Monto Mínimo para Vender Cupo Dólar | DolarExpress,Descubre desde qué monto puedes vender tu cupo en 
https://dolarexpress.cl/cupo-dolar-online/,Cupo Dólar Online — Servicio 100% Digital Chile | ,Servicio de cupo dólar 100% online en Chile. Sin i
https://dolarexpress.cl/cupo-dolar-osorno/,Cupo Dólar en Osorno — DolarExpress | DolarExpress,Servicio de cambio de cupo en dólares en Osorno. A
https://dolarexpress.cl/cupo-dolar-persona-natural/,Cupo Dólar para Persona Natural Chile | DolarExpre,DolarExpress atiende a personas naturales que quie
https://dolarexpress.cl/cupo-dolar-primera-vez/,Vender Cupo Dólar por Primera Vez Chile | DolarExp,Guía para quienes quieren vender su cupo en dólare
https://dolarexpress.cl/cupo-dolar-providencia/,Cupo Dólar en Providencia — DolarExpress | DolarEx,Servicio de cambio de cupo en dólares en Providenc
https://dolarexpress.cl/cupo-dolar-puerto-montt/,Cupo Dólar en Puerto Montt — DolarExpress | DolarE,Servicio de cambio de cupo en dólares en Puerto Mo
https://dolarexpress.cl/cupo-dolar-punta-arenas/,Cupo Dólar en Punta Arenas — DolarExpress | DolarE,Servicio de cambio de cupo en dólares en Punta Are
https://dolarexpress.cl/cupo-dolar-rancagua/,Cupo Dólar en Rancagua — DolarExpress | DolarExpre,Servicio de cambio de cupo en dólares en Rancagua.
https://dolarexpress.cl/cupo-dolar-rapido/,Vender Cupo Dólar Rápido en Chile | DolarExpress,El servicio más rápido para convertir cupo en dóla
https://dolarexpress.cl/cupo-dolar-recomendado/,Servicio Recomendado de Cupo Dólar Chile | DolarEx,DolarExpress: el servicio recomendado para convert
https://dolarexpress.cl/cupo-dolar-regiones-chile/,Cupo Dólar en Regiones de Chile | DolarExpress,DolarExpress atiende clientes de todas las regione
https://dolarexpress.cl/cupo-dolar-requisitos/,Requisitos para Vender Cupo Dólar Chile | DolarExp,Conoce los requisitos mínimos para convertir tu cu
https://dolarexpress.cl/cupo-dolar-ripley/,Cupo Dólar Banco Ripley Chile | DolarExpress,Usa el cupo en dólares de tu tarjeta Ripley para r
https://dolarexpress.cl/cupo-dolar-santander/,Cupo Dólar Santander Chile | DolarExpress,Convierte tu cupo en dólares del Banco Santander a
https://dolarexpress.cl/cupo-dolar-santiago/,Cupo Dólar en Santiago — DolarExpress | DolarExpre,Servicio de cambio de cupo en dólares en Santiago.
https://dolarexpress.cl/cupo-dolar-scotiabank-temuco/,Cupo Dólar Scotiabank Temuco | DolarExpress,Convierte tu cupo en dólares de Scotiabank en Temu
https://dolarexpress.cl/cupo-dolar-scotiabank-valparaiso/,Cupo Dólar Scotiabank Valparaíso | DolarExpress,Convierte tu cupo en dólares de Scotiabank en Valp
https://dolarexpress.cl/cupo-dolar-scotiabank-vina-del-mar/,Cupo Dólar Scotiabank Viña del Mar | DolarExpress,Convierte tu cupo en dólares de Scotiabank en Viña
https://dolarexpress.cl/cupo-dolar-scotiabank-visa-gold/,Cupo Dólar Scotiabank Visa Gold | DolarExpress,Convierte el cupo de tu Visa Gold de Scotiabank a 
https://dolarexpress.cl/cupo-dolar-scotiabank-visa-platinum/,Cupo Dólar Scotiabank Visa Platinum | DolarExpress,Convierte el cupo de tu Visa Platinum de Scotiaban
https://dolarexpress.cl/cupo-dolar-scotiabank-visa-signature/,Cupo Dólar Scotiabank Visa Signature | DolarExpres,Convierte el cupo de tu Visa Signature de Scotiaba
https://dolarexpress.cl/cupo-dolar-scotiabank/,Cupo Dólar Scotiabank Chile | DolarExpress,Usa el cupo en dólares de tu tarjeta Scotiabank pa
https://dolarexpress.cl/cupo-dolar-security-amex/,Cupo Dólar Banco Security American Express | Dolar,Convierte el cupo de tu American Express de Banco 
https://dolarexpress.cl/cupo-dolar-security-antofagasta/,Cupo Dólar Banco Security Antofagasta | DolarExpre,Convierte tu cupo en dólares de Banco Security en 
https://dolarexpress.cl/cupo-dolar-security-concepcion/,Cupo Dólar Banco Security Concepción | DolarExpres,Convierte tu cupo en dólares de Banco Security en 
https://dolarexpress.cl/cupo-dolar-security-iquique/,Cupo Dólar Banco Security Iquique | DolarExpress,Convierte tu cupo en dólares de Banco Security en 
https://dolarexpress.cl/cupo-dolar-security-la-serena/,Cupo Dólar Banco Security La Serena | DolarExpress,Convierte tu cupo en dólares de Banco Security en 
https://dolarexpress.cl/cupo-dolar-security-mastercard-black/,Cupo Dólar Banco Security Mastercard Black | Dolar,Convierte el cupo de tu Mastercard Black de Banco 
https://dolarexpress.cl/cupo-dolar-security-mastercard-gold/,Cupo Dólar Banco Security Mastercard Gold | DolarE,Convierte el cupo de tu Mastercard Gold de Banco S
https://dolarexpress.cl/cupo-dolar-security-mastercard-platinum/,Cupo Dólar Banco Security Mastercard Platinum | Do,Convierte el cupo de tu Mastercard Platinum de Ban
https://dolarexpress.cl/cupo-dolar-security-puerto-montt/,Cupo Dólar Banco Security Puerto Montt | DolarExpr,Convierte tu cupo en dólares de Banco Security en 
https://dolarexpress.cl/cupo-dolar-security-rancagua/,Cupo Dólar Banco Security Rancagua | DolarExpress,Convierte tu cupo en dólares de Banco Security en 
https://dolarexpress.cl/cupo-dolar-security-santiago/,Cupo Dólar Banco Security Santiago | DolarExpress,Convierte tu cupo en dólares de Banco Security en 
https://dolarexpress.cl/cupo-dolar-security-temuco/,Cupo Dólar Banco Security Temuco | DolarExpress,Convierte tu cupo en dólares de Banco Security en 
https://dolarexpress.cl/cupo-dolar-security-valparaiso/,Cupo Dólar Banco Security Valparaíso | DolarExpres,Convierte tu cupo en dólares de Banco Security en 
https://dolarexpress.cl/cupo-dolar-security-vina-del-mar/,Cupo Dólar Banco Security Viña del Mar | DolarExpr,Convierte tu cupo en dólares de Banco Security en 
https://dolarexpress.cl/cupo-dolar-security-visa-gold/,Cupo Dólar Banco Security Visa Gold | DolarExpress,Convierte el cupo de tu Visa Gold de Banco Securit
https://dolarexpress.cl/cupo-dolar-security-visa-platinum/,Cupo Dólar Banco Security Visa Platinum | DolarExp,Convierte el cupo de tu Visa Platinum de Banco Sec
https://dolarexpress.cl/cupo-dolar-security-visa-signature/,Cupo Dólar Banco Security Visa Signature | DolarEx,Convierte el cupo de tu Visa Signature de Banco Se
https://dolarexpress.cl/cupo-dolar-security/,Cupo Dólar Banco Security Chile | DolarExpress,Convierte tu cupo en dólares del Banco Security a 
https://dolarexpress.cl/cupo-dolar-seguro/,¿Es Seguro Vender Cupo Dólar en Chile? | DolarExpr,Conoce cómo funciona un servicio seguro para conve
https://dolarexpress.cl/cupo-dolar-sin-complicaciones/,Vender Cupo Dólar Sin Complicaciones Chile | Dolar,El proceso más simple para convertir tu cupo en dó
https://dolarexpress.cl/cupo-dolar-sin-cuenta-bancaria/,Cupo Dólar Sin Cuenta Bancaria | DolarExpress,Alternativas para recibir tu dinero sin cuenta cor
https://dolarexpress.cl/cupo-dolar-sin-estafa/,Cómo Evitar Estafas al Vender Cupo Dólar | DolarEx,Tips para identificar un servicio confiable al ven
https://dolarexpress.cl/cupo-dolar-sin-monto-minimo/,Cupo Dólar Sin Monto Mínimo Chile | DolarExpress,Conoce los montos mínimos para operar cupo dólar e
https://dolarexpress.cl/cupo-dolar-sin-usar/,Tengo Cupo Dólar Sin Usar en Chile | DolarExpress,"Si tienes cupo en dólares disponible sin usar, Dol"
https://dolarexpress.cl/cupo-dolar-talca/,Cupo Dólar en Talca — DolarExpress | DolarExpress,Servicio de cambio de cupo en dólares en Talca. At
https://dolarexpress.cl/cupo-dolar-tarjeta-bloqueada/,Cupo Dólar Tarjeta Bloqueada | DolarExpress,Qué hacer si tu tarjeta está bloqueada para compra
https://dolarexpress.cl/cupo-dolar-tarjeta-empresas/,Cupo Dólar Tarjeta Empresa | DolarExpress,Cómo usar el cupo internacional de tu tarjeta corp
https://dolarexpress.cl/cupo-dolar-temuco/,Cupo Dólar en Temuco — DolarExpress | DolarExpress,Servicio de cambio de cupo en dólares en Temuco. A
https://dolarexpress.cl/cupo-dolar-tiempo/,¿Cuánto Tarda Convertir Cupo Dólar a Pesos? | Dola,Conoce los tiempos reales para convertir tu cupo e
https://dolarexpress.cl/cupo-dolar-transferencia-inmediata/,Cupo Dólar con Transferencia Inmediata Chile | Dol,Convierte tu cupo en dólares a pesos chilenos con 
https://dolarexpress.cl/cupo-dolar-urgente/,Vender Cupo Dólar Urgente Chile | DolarExpress,Servicio de conversión urgente de cupo en dólares 
https://dolarexpress.cl/cupo-dolar-valdivia/,Cupo Dólar en Valdivia — DolarExpress | DolarExpre,Servicio de cambio de cupo en dólares en Valdivia.
https://dolarexpress.cl/cupo-dolar-valparaiso/,Cupo Dólar en Valparaíso — DolarExpress | DolarExp,Servicio de cambio de cupo en dólares en Valparaís
https://dolarexpress.cl/cupo-dolar-vina-del-mar/,Cupo Dólar en Viña del Mar — DolarExpress | DolarE,Servicio de cambio de cupo en dólares en Viña del 
https://dolarexpress.cl/cupo-dolar-visa-gold/,Cupo Dólar Visa Gold → Pesos Chilenos | DolarExpre,Convierte el cupo en dólares de tu Visa Gold a pes
https://dolarexpress.cl/cupo-dolar-visa-platinum/,Cupo Dólar Visa Platinum → Pesos Chilenos | DolarE,Convierte el cupo en dólares de tu Visa Platinum a
https://dolarexpress.cl/cupo-dolar-visa-signature/,Cupo Dólar Visa Signature → Pesos Chilenos | Dolar,Convierte el cupo en dólares de tu Visa Signature 
https://dolarexpress.cl/cupo-dolar-visa/,Cupo Dólar Tarjeta Visa Chile | DolarExpress,Convierte el cupo en dólares de tu tarjeta Visa a 
https://dolarexpress.cl/cupo-dolar-whatsapp/,Vender Cupo Dólar por WhatsApp Chile | DolarExpres,El servicio más conveniente para vender tu cupo en
https://dolarexpress.cl/cupo-dolares-tarjeta-credito/,Cupo en Dólares Tarjeta de Crédito Chile | DolarEx,¿Tienes cupo disponible en dólares en tu tarjeta d
https://dolarexpress.cl/cupo-en-dolares/,Cupo en Dólares — Cómo Usarlo en Chile | DolarExpr,Aprende cómo usar tu cupo en dólares para obtener 
https://dolarexpress.cl/cupo-internacional-a-pesos/,Cupo Internacional a Pesos Chilenos | DolarExpress,Convierte tu cupo internacional a pesos a pesos ch
https://dolarexpress.cl/cupo-internacional-banco-chile/,Cupo Internacional Banco de Chile | DolarExpress,Convierte tu cupo internacional banco de chile a p
https://dolarexpress.cl/cupo-internacional-bancoestado/,Cupo Internacional BancoEstado | DolarExpress,Convierte tu cupo internacional bancoestado a peso
https://dolarexpress.cl/cupo-internacional-bci/,Cupo Internacional BCI a Pesos | DolarExpress,Convierte tu cupo internacional bci a pesos chilen
https://dolarexpress.cl/cupo-internacional-santander/,Cupo Internacional Santander Chile | DolarExpress,Convierte tu cupo internacional santander a pesos 
https://dolarexpress.cl/cupo-internacional-tarjeta-credito/,Cupo Internacional Tarjeta de Crédito Chile | Dola,Convierte tu cupo internacional tarjeta de crédito
https://dolarexpress.cl/cupo-internacional-tarjeta/,Cupo Internacional Tarjeta Chile | DolarExpress,Usa el cupo internacional de tu tarjeta de crédito
https://dolarexpress.cl/cupo-para-compras-a-efectivo-chile/,"Cupo Para Compras A Efectivo Chile: Proceso, Costo","Cupo Para Compras A Efectivo Chile: comisión 15%, "
https://dolarexpress.cl/cupo-tarjeta-a-transferencia/,Transferir Cupo tu tarjeta de tienda a Cuenta Banc,Transfiere cupo tu tarjeta de tienda a tu cuenta b
https://dolarexpress.cl/cupo-usd-a-clp/,Cupo USD a CLP en Chile | DolarExpress,Servicio de conversión de cupo en USD a CLP para t
https://dolarexpress.cl/directorio-general/,Directorio de Servicios Financieros | DolarExpress,Mapa del sitio completo. Servicios de liquidación 
https://dolarexpress.cl/efectivo-cupo-dolar/,Efectivo con Cupo Dólar Chile | DolarExpress,Transforma tu cupo en dólares en pesos chilenos po
https://dolarexpress.cl/es-legal-vender-cupo-dolar/,¿Es Legal Vender Cupo en Dólares en Chile? | Dolar,Resuelve tus dudas sobre la legalidad de vender cu
https://dolarexpress.cl/girar-cupo-dolares/,Girar Cupo en Dólares Chile | DolarExpress,Servicio para girar tu cupo en dólares de tarjeta 
https://dolarexpress.cl/girar-dolares-tarjeta/,Girar Dólares desde Tarjeta de Crédito en Chile | ,Gira los dólares disponibles en tu tarjeta de créd
https://dolarexpress.cl/hites-plata-rapido/,Efectivo con Hites en 25 minutos: Proceso y Costos,Efectivo en 25 minutos con Hites. Comisión 15%. Cr
https://dolarexpress.cl/,Vender Cupo en Dólares a Pesos | Transferencia Inm,¿Necesitas liquidez? Compramos tu cupo en dólares 
https://dolarexpress.cl/liquidar-cupo-dolar/,Liquidar Cupo en Dólares Chile | DolarExpress,Liquidación de cupo en dólares a pesos chilenos. P
https://dolarexpress.cl/liquidez-cupo-dolar/,Liquidez con Cupo en Dólares Chile | DolarExpress,Convierte tu cupo en dólares en liquidez en pesos 
https://dolarexpress.cl/mejor-tasa-cupo-dolar/,Mejor Tasa para Cupo Dólar en Chile | DolarExpress,Cómo obtener la mejor tasa al convertir tu cupo en
https://dolarexpress.cl/necesito-pesos-tengo-dolares/,Necesito Pesos y Tengo Dólares en Chile | DolarExp,Si tienes cupo en dólares y necesitas pesos chilen
https://dolarexpress.cl/necesito-plata-y-tengo-cupo-en-tarjeta/,Efectivo desde Tarjeta de Tienda: Costos y Riesgos,Tarjeta de tienda a efectivo: costos reales (15% c
https://dolarexpress.cl/pagar-con-cupo-dolar/,Pagar Deudas con Cupo Dólar Chile | DolarExpress,Convierte tu cupo en dólares en pesos chilenos par
https://dolarexpress.cl/page1/,Page 1,
https://dolarexpress.cl/pasar-cupo-de-compras-a-efectivo/,Cupo de Compras tu tarjeta de tienda a Efectivo: C,Convierte cupo de compras tu tarjeta de tienda en 
https://dolarexpress.cl/plata-rapida-con-tarjeta-retail-chile/,"Plata RáPida Con Tarjeta Retail Chile: Proceso, Co",Plata RáPida Con Tarjeta Retail Chile: comisión 15
https://dolarexpress.cl/privacidad/,Política de Privacidad | DolarExpress,Política de privacidad de DolarExpress. Conoce cóm
https://dolarexpress.cl/que-es-cupo-dolar/,¿Qué es el Cupo en Dólares de tu Tarjeta? | DolarE,Explicación clara de qué es el cupo en dólares de 
https://dolarexpress.cl/riesgos-vender-cupo-dolar/,Riesgos de Vender Cupo en Dólares Chile | DolarExp,Conoce los riesgos y cuidados al vender tu cupo en
https://dolarexpress.cl/ripley-plata-al-tiro/,Efectivo con Ripley en 20 minutos: Proceso y Costo,Efectivo en 20 minutos con Ripley. Comisión 15%. C
https://dolarexpress.cl/sacar-cupo-dolares/,Sacar Cupo en Dólares Chile | DolarExpress,¿Quieres sacar tu cupo en dólares? Recibe pesos ch
https://dolarexpress.cl/sacar-dinero-tarjeta-abc-din/,"Sacar Dinero Tarjeta Abc Din: Proceso, Costos y Ri","Sacar Dinero Tarjeta Abc Din: comisión 15%, proces"
https://dolarexpress.cl/sacar-dinero-tarjeta-casa-comercial/,"Sacar Dinero Tarjeta Casa Comercial: Proceso, Cost","Sacar Dinero Tarjeta Casa Comercial: comisión 15%,"
https://dolarexpress.cl/sacar-dinero-tarjeta-cmr-falabella/,"Sacar Dinero Tarjeta Cmr Falabella: Proceso, Costo","Sacar Dinero Tarjeta Cmr Falabella: comisión 15%, "
https://dolarexpress.cl/sacar-dinero-tarjeta-hites/,"Sacar Dinero Tarjeta Hites: Proceso, Costos y Ries","Sacar Dinero Tarjeta Hites: comisión 15%, proceso "
https://dolarexpress.cl/sacar-dinero-tarjeta-jumbo/,"Sacar Dinero Tarjeta Jumbo: Proceso, Costos y Ries","Sacar Dinero Tarjeta Jumbo: comisión 15%, proceso "
https://dolarexpress.cl/sacar-dinero-tarjeta-la-polar/,"Sacar Dinero Tarjeta La Polar: Proceso, Costos y R","Sacar Dinero Tarjeta La Polar: comisión 15%, proce"
https://dolarexpress.cl/sacar-dinero-tarjeta-lider/,"Sacar Dinero Tarjeta Lider: Proceso, Costos y Ries","Sacar Dinero Tarjeta Lider: comisión 15%, proceso "
https://dolarexpress.cl/sacar-dinero-tarjeta-paris/,"Sacar Dinero Tarjeta Paris: Proceso, Costos y Ries","Sacar Dinero Tarjeta Paris: comisión 15%, proceso "
https://dolarexpress.cl/sacar-dinero-tarjeta-ripley/,"Sacar Dinero Tarjeta Ripley: Proceso, Costos y Rie","Sacar Dinero Tarjeta Ripley: comisión 15%, proceso"
https://dolarexpress.cl/sacar-plata-cmr/,"Sacar Plata Cmr: Proceso, Costos y Riesgos | Dolar","Sacar Plata Cmr: comisión 15%, proceso en 15 minut"
https://dolarexpress.cl/sacar-plata-de-tarjeta-de-tienda/,"Sacar Plata De Tarjeta De Tienda: Proceso, Costos ","Sacar Plata De Tarjeta De Tienda: comisión 15%, pr"
https://dolarexpress.cl/sacar-plata-ripley/,"Sacar Plata Ripley: Proceso, Costos y Riesgos | Do","Sacar Plata Ripley: comisión 15%, proceso en 20 mi"
https://dolarexpress.cl/sacar-plata-tarjeta-abcdin/,"Sacar Plata Tarjeta Abcdin: Proceso, Costos y Ries","Sacar Plata Tarjeta Abcdin: comisión 15%, proceso "
https://dolarexpress.cl/sacar-plata-tarjeta-cencosud/,"Sacar Plata Tarjeta Cencosud: Proceso, Costos y Ri","Sacar Plata Tarjeta Cencosud: comisión 15%, proces"
https://dolarexpress.cl/sacar-plata-tarjeta-hites/,"Sacar Plata Tarjeta Hites: Proceso, Costos y Riesg","Sacar Plata Tarjeta Hites: comisión 15%, proceso e"
https://dolarexpress.cl/sacar-plata-tarjeta-lider/,"Sacar Plata Tarjeta Lider: Proceso, Costos y Riesg","Sacar Plata Tarjeta Lider: comisión 15%, proceso e"
https://dolarexpress.cl/sacar-plata-tarjeta-polar/,"Sacar Plata Tarjeta Polar: Proceso, Costos y Riesg","Sacar Plata Tarjeta Polar: comisión 15%, proceso e"
https://dolarexpress.cl/servicios-cupo-dolar/,Servicios de cambio de cupo en dólares | DolarExpr,Conoce los servicios de DolarExpress para cambiar 
https://dolarexpress.cl/superavance-cmr-falabella/,Alternativa al Superavance CMR: Comparativa de Cos,Comparativa: superavance vs cupo de compras CMR. C
https://dolarexpress.cl/superavance-tarjeta-lider/,Alternativa al Superavance Líder: Comparativa de C,Comparativa: superavance vs cupo de compras Líder.
https://dolarexpress.cl/superavance-tarjeta-paris-cencosud/,Alternativa al Superavance Paris / Cencosud: Compa,Comparativa: superavance vs cupo de compras Paris 
https://dolarexpress.cl/tarjeta-abc-din-efectivo-rapido/,Efectivo con ABCDin en 20 minutos: Proceso y Costo,Efectivo en 20 minutos con ABCDin. Comisión 15%. C
https://dolarexpress.cl/tarjeta-abc-sin-avance/,ABCDin Sin Avance: Cómo Obtener Efectivo con Cupo ,Obtén efectivo de tu ABCDin sin avance habilitado.
https://dolarexpress.cl/tarjeta-cmr-sin-avance/,CMR Sin Avance: Cómo Obtener Efectivo con Cupo de ,Obtén efectivo de tu CMR sin avance habilitado. Co
https://dolarexpress.cl/tarjeta-credito-cupo-dolar/,Tarjeta de Crédito con Cupo en Dólares Chile | Dol,Conoce qué tarjetas de crédito tienen cupo en dóla
https://dolarexpress.cl/tarjeta-hites-sin-avance/,Hites Sin Avance: Cómo Obtener Efectivo con Cupo d,Obtén efectivo de tu Hites sin avance habilitado. 
https://dolarexpress.cl/tarjeta-la-polar-sin-avance/,La Polar Sin Avance: Cómo Obtener Efectivo con Cup,Obtén efectivo de tu La Polar sin avance habilitad
https://dolarexpress.cl/tarjeta-lider-bci-efectivo-rapido/,Efectivo con Líder en 20 minutos: Proceso y Costos,Efectivo en 20 minutos con Líder. Comisión 15%. Cr
https://dolarexpress.cl/tarjeta-lider-con-cupo-y-sin-avance/,Líder Sin Avance: Cómo Obtener Efectivo con Cupo d,Obtén efectivo de tu Líder sin avance habilitado. 
https://dolarexpress.cl/tarjeta-lider-sin-avance/,Líder Sin Avance: Cómo Obtener Efectivo con Cupo d,Obtén efectivo de tu Líder sin avance habilitado. 
https://dolarexpress.cl/tarjeta-paris-plata-rapido/,Efectivo con Paris / Cencosud en 25 minutos: Proce,Efectivo en 25 minutos con Paris / Cencosud. Comis
https://dolarexpress.cl/tarjeta-paris-sin-avance/,Paris / Cencosud Sin Avance: Cómo Obtener Efectivo,Obtén efectivo de tu Paris / Cencosud sin avance h
https://dolarexpress.cl/tarjeta-retail-efectivo-mismo-dia/,Efectivo con tu tarjeta de tienda en 15-30 minutos,Efectivo en 15-30 minutos con tu tarjeta de tienda
https://dolarexpress.cl/tarjeta-ripley-efectivo-inmediato/,Efectivo con Ripley en 20 minutos: Proceso y Costo,Efectivo en 20 minutos con Ripley. Comisión 15%. C
https://dolarexpress.cl/tarjeta-ripley-sin-avance/,Ripley Sin Avance: Cómo Obtener Efectivo con Cupo ,Obtén efectivo de tu Ripley sin avance habilitado.
https://dolarexpress.cl/tarjeta-sin-avance-habilitado-chile/,tu tarjeta de tienda Sin Avance: Cómo Obtener Efec,Obtén efectivo de tu tu tarjeta de tienda sin avan
https://dolarexpress.cl/terminos/,Términos y Condiciones | DolarExpress,Términos y condiciones del servicio de DolarExpres
https://dolarexpress.cl/transferir-cupo-cmr-a-cuenta/,Transferir Cupo CMR a Cuenta Bancaria: Cómo Funcio,Transfiere cupo CMR a tu cuenta bancaria. Mecanism
https://dolarexpress.cl/vender-cupo-banco-chile/,Vender Cupo Banco de Chile|DolarExpress,Vende tu cupo en dolares de tarjeta Banco de Chile
https://dolarexpress.cl/vender-cupo-banco-estado/,Vender Cupo Dólar Banco Estado Chile | DolarExpres,¿Tienes cupo en dólares en Banco Estado? Lo conver
https://dolarexpress.cl/vender-cupo-bci/,Vender Cupo Dólar BCI Chile | DolarExpress,Convierte el cupo en dólares de tu tarjeta BCI a p
https://dolarexpress.cl/vender-cupo-cmr-falabella/,CMR Falabella Credit Line Landing Page,
https://dolarexpress.cl/vender-cupo-dolar-online/,Vender Cupo Dólar Online Chile | DolarExpress,Proceso 100% online para convertir tu cupo en dóla
https://dolarexpress.cl/vender-cupo-dolar-tarjeta-credito/,Vender Cupo Dólar con Tarjeta de Crédito | DolarEx,Convierte el cupo en dólares de tu tarjeta de créd
https://dolarexpress.cl/vender-cupo-dolar-transferencia/,Vender Cupo Dólar por Transferencia Chile | DolarE,Vende tu cupo en dólares y recibe pesos chilenos d
https://dolarexpress.cl/vender-cupo-dolar/,Vender Cupo Dólar en Chile | DolarExpress,Vende tu cupo en dólares de tarjeta de crédito y r
https://dolarexpress.cl/vender-cupo-internacional/,Vender Cupo Tarjeta Internacional | DolarExpress C,
https://dolarexpress.cl/vender-cupo-itau/,Vender Cupo Dólar Itaú Chile | DolarExpress,¿Tienes cupo en dólares en Itaú Chile? Conviértelo
https://dolarexpress.cl/vender-cupo-santander/,Vender Cupo Dólar Santander Chile | DolarExpress,Vende el cupo en dólares de tu tarjeta Santander y
https://dolarexpress.cl/vender-cupo-scotiabank/,Vender Cupo Dólar Scotiabank Chile | DolarExpress,¿Tienes cupo en dólares en Scotiabank? Te lo conve
https://dolarexpress.cl/vender-dolares-tarjeta-credito/,Vender Dólares de Tarjeta de Crédito Chile | Dolar,Usa el cupo en dólares de tu tarjeta de crédito y 
https://dolarexpress.cl/vender-usd-chile/,Vender USD en Chile | DolarExpress,Vende tus dólares o cupo en USD en Chile y recibe 
https://dolarexpress.cl/vender-usd/,Vender USD en Chile | DolarExpress,Vende tus dólares (USD) y recibe pesos chilenos po
https://dolarexpress.cl/venta-cupo-dolares/,Venta de Cupo en Dólares Chile | DolarExpress,Realiza la venta de tu cupo en dólares con DolarEx
https://dolarexpress.cl/widget/,Widget de Cambio | Dolar Express,
